Location,lat,lon,Notes
"Cedar Falls, IA, USA",42.5361805,-92.447758,NA
"Spokane, WA, USA",47.6571934,-117.42351,Published
"Philadelphia, PA, USA",39.9527237,-75.1635262,NA
"Philadelphia, PA, USA",39.9527237,-75.1635262,NA
"Philadelphia, PA, USA",39.9527237,-75.1635262,NA
"Philadelphia, PA, USA",39.9527237,-75.1635262,NA
"Philadelphia, PA, USA",39.9527237,-75.1635262,NA
"Philadelphia, PA, USA",39.9527237,-75.1635262,NA
"Philadelphia, PA, USA",39.9527237,-75.1635262,NA
"Philadelphia, PA, USA",39.9527237,-75.1635262,NA
"Philadelphia, PA, USA",39.9527237,-75.1635262,NA
"Philadelphia, PA, USA",39.9527237,-75.1635262,NA
"Philadelphia, PA, USA",39.9527237,-75.1635262,NA
"Philadelphia, PA, USA",39.9527237,-75.1635262,NA
"Philadelphia, PA, USA",39.9527237,-75.1635262,NA
"Philadelphia, PA, USA",39.9527237,-75.1635262,NA
"Philadelphia, PA, USA",39.9527237,-75.1635262,NA
"Philadelphia, PA, USA",39.9527237,-75.1635262,NA
"Port St. Lucie, FL, USA",27.2939333,-80.3503283,NA
"Jacksonville, FL, USA",30.3321838,-81.655651,Published
"Greece, NY, USA",43.2581805,-77.6970101,Published
"Las Vegas, NV, USA",36.1674263,-115.1484131,NA
"Las Vegas, NV, USA",36.1674263,-115.1484131,Published
"Fort Collins, CO, USA",40.5871782,-105.0770113,Published
"Fort Collins, CO, USA",40.5871782,-105.0770113,NA
"Fort Collins, CO, USA",40.5871782,-105.0770113,NA
"Fort Collins, CO, USA",40.5871782,-105.0770113,NA
"Oneida, WI, USA",45.6879163,-89.4779558,NA
"Green Bay, WI, USA",44.5126379,-88.0125794,NA
"Marietta, GA, USA",33.9528472,-84.5496148,Published
"Needham, MA",42.2802645,-71.2360624,NA
"Albuquerque, NM, USA",35.0841034,-106.650985,NA
"Albuquerque, NM, USA",35.0841034,-106.650985,NA
"Albuquerque, NM, USA",35.0841034,-106.650985,Published
"Buffalo, NY, USA",42.8867166,-78.8783922,NA
"Boulder, CO, USA",40.0149856,-105.270545,NA
"Boulder, CO, USA",40.0149856,-105.270545,NA
"Boulder, CO, USA",40.0149856,-105.270545,Published
"Boulder, CO, USA",40.0149856,-105.270545,NA
"Lexington, KY, USA",38.0464066,-84.4970393,Published
"Lexington, KY, USA",38.0464066,-84.4970393,NA
"Lexington, KY, USA",38.0464066,-84.4970393,Published
"Brownsburg, IN, USA",39.8444409,-86.3968962,NA
"Cambridge, MA, USA",42.3656347,-71.1040018,NA
"Cambridge, MA, USA",42.3656347,-71.1040018,NA
"Cambridge, MA, USA",42.3656347,-71.1040018,NA
"Los Angeles, CA, USA",34.0536909,-118.242766,NA
"Los Angeles, CA, USA",34.0536909,-118.242766,NA
"Los Angeles, CA, USA",34.0536909,-118.242766,NA
"Los Angeles, CA, USA",34.0536909,-118.242766,NA
"Los Angeles, CA, USA",34.0536909,-118.242766,NA
"Los Angeles, CA, USA",34.0536909,-118.242766,NA
"Los Angeles, CA, USA",34.0536909,-118.242766,NA
"Elgin, IL, USA",42.03726,-88.2810994,NA
"Elgin, IL, USA",42.03726,-88.2810994,NA
"Yakima, WA, USA",46.601557,-120.510842,Published
"Joliet, IL, USA",41.5263603,-88.0840212,NA
"Joliet, IL, USA",41.5263603,-88.0840212,NA
"Thousand Oaks, CA, USA",34.1705609,-118.8375937,NA
"Savannah, GA, USA",32.0790074,-81.0921335,Published
"Savannah, GA, USA",32.0790074,-81.0921335,NA
"Augusta, GA, USA",33.4709714,-81.9748429,NA
"Baltimore, MD, USA",39.2908816,-76.610759,NA
"Baltimore, MD, USA",39.2908816,-76.610759,NA
"Baltimore, MD, USA",39.2908816,-76.610759,NA
"Baltimore, MD, USA",39.2908816,-76.610759,NA
"Baltimore, MD, USA",39.2908816,-76.610759,NA
"Tucson, AZ, USA",32.2228765,-110.974847,NA
"Tucson, AZ, USA",32.2228765,-110.974847,Published
"Tucson, AZ, USA",32.2228765,-110.974847,Published
"Tucson, AZ, USA",32.2228765,-110.974847,NA
"Dunellen, NJ, USA",40.5892696,-74.4718201,NA
"Morgantown, WV, USA",39.6296809,-79.9559437,NA
"Williamsport, PA, USA",41.2411556,-77.0011096,Published
"Ft. Wayne, IN, USA",41.0799898,-85.1386015,NA
"Orange Park, FL, USA",30.1654707,-81.7016346,NA
"Chicago, IL, USA",41.8755616,-87.6244212,NA
"Chicago, IL, USA",41.8755616,-87.6244212,Published
"Clinton, MA, USA",42.4212463,-71.6874099,NA
"Buford, GA, USA",34.1206564,-84.0043513,NA
"Ann Arbor, MI, USA",42.2813722,-83.7484616,NA
"Ann Arbor, MI, USA",42.2813722,-83.7484616,NA
"Ann Arbor, MI, USA",42.2813722,-83.7484616,Published
"Ann Arbor, MI, USA",42.2813722,-83.7484616,NA
"Ann Arbor, MI, USA",42.2813722,-83.7484616,NA
"Ann Arbor, MI, USA",42.2813722,-83.7484616,Published
"Portland, OR, USA",45.5202471,-122.674194,Published
"Fort Wayne, IN, USA",41.0799898,-85.1386015,NA
"Los Angeles, CA, USA",34.0536909,-118.242766,NA
"Los Angeles, CA, USA",34.0536909,-118.242766,NA
"Los Angeles, CA, USA",34.0536909,-118.242766,NA
"Los Angeles, CA, USA",34.0536909,-118.242766,NA
"Los Angeles, CA, USA",34.0536909,-118.242766,NA
"Los Angeles, CA, USA",34.0536909,-118.242766,NA
"Los Angeles, CA, USA",34.0536909,-118.242766,NA
"St. Louis, MO, USA",38.6280278,-90.1910154,NA
"St. Louis, MO, USA",38.6280278,-90.1910154,Published
"St. Louis, MO, USA",38.6280278,-90.1910154,Published
"Indianola, Iowa, USA",41.3604966,-93.5613292,NA
"Philadelphia, PA, USA",39.9527237,-75.1635262,NA
"Philadelphia, PA, USA",39.9527237,-75.1635262,NA
"Philadelphia, PA, USA",39.9527237,-75.1635262,NA
"Philadelphia, PA, USA",39.9527237,-75.1635262,NA
"Philadelphia, PA, USA",39.9527237,-75.1635262,NA
"Philadelphia, PA, USA",39.9527237,-75.1635262,NA
"Philadelphia, PA, USA",39.9527237,-75.1635262,NA
"Philadelphia, PA, USA",39.9527237,-75.1635262,NA
"Philadelphia, PA, USA",39.9527237,-75.1635262,NA
"Philadelphia, PA, USA",39.9527237,-75.1635262,NA
"Philadelphia, PA, USA",39.9527237,-75.1635262,NA
"Philadelphia, PA, USA",39.9527237,-75.1635262,NA
"Philadelphia, PA, USA",39.9527237,-75.1635262,NA
"Philadelphia, PA, USA",39.9527237,-75.1635262,NA
"Philadelphia, PA, USA",39.9527237,-75.1635262,NA
"Philadelphia, PA, USA",39.9527237,-75.1635262,NA
"Hopkinton, MA, USA",42.2288875,-71.5196439,NA
"New York City, NY, USA",40.7127281,-74.0060152,NA
"Kalamazoo, MI, USA",42.291707,-85.5872286,NA
"Chandler, AZ, USA",33.3062031,-111.841185,NA
"York, PA, USA",39.962493,-76.7276989,NA
"York, PA, USA",39.962493,-76.7276989,NA
"Petersburg, IL, USA",40.0117151,-89.8481652,Published
"Topeka, KS, USA",39.049011,-95.677556,Published
"Topeka, KS, USA",39.049011,-95.677556,NA
"Topeka, KS, USA",39.049011,-95.677556,NA
"Glen Ridge, NJ, USA",40.805378,-74.2037566,NA
"Tucson, AZ, USA",32.2228765,-110.974847,NA
"Tucson, AZ, USA",32.2228765,-110.974847,Published
"Tucson, AZ, USA",32.2228765,-110.974847,Published
"Tucson, AZ, USA",32.2228765,-110.974847,NA
"San Francisco, CA, USA",37.7792588,-122.4193286,Published
"San Francisco, CA, USA",37.7792588,-122.4193286,NA
"Hacienda Heights, CA, USA",33.9930677,-117.968675,NA
"Los Angeles, CA, USA",34.0536909,-118.242766,NA
"Los Angeles, CA, USA",34.0536909,-118.242766,NA
"Los Angeles, CA, USA",34.0536909,-118.242766,NA
"Los Angeles, CA, USA",34.0536909,-118.242766,NA
"Los Angeles, CA, USA",34.0536909,-118.242766,NA
"Los Angeles, CA, USA",34.0536909,-118.242766,NA
"Los Angeles, CA, USA",34.0536909,-118.242766,NA
"Los Angeles, CA, USA",34.0536909,-118.242766,NA
"Los Angeles, CA, USA",34.0536909,-118.242766,NA
"Los Angeles, CA, USA",34.0536909,-118.242766,NA
"Los Angeles, CA, USA",34.0536909,-118.242766,NA
"Los Angeles, CA, USA",34.0536909,-118.242766,NA
"Los Angeles, CA, USA",34.0536909,-118.242766,NA
"Los Angeles, CA, USA",34.0536909,-118.242766,NA
"Hanover Park, IL, USA",41.9994722,-88.1450735,NA
"Gettysburg, PA, USA",39.8308973,-77.231012,Published
"Fort Collins, CO, USA",40.5871782,-105.0770113,Published
"Fort Collins, CO, USA",40.5871782,-105.0770113,NA
"Fort Collins, CO, USA",40.5871782,-105.0770113,NA
"Fort Collins, CO, USA",40.5871782,-105.0770113,NA
"Edgewood, MD, USA",39.4209299,-76.2901568,Published
"Copley, OH, USA",41.0989439,-81.6445685,Published
"Cape May, NJ, USA",39.1765386,-74.8012119,Published
"Milwaukee, WI, USA",43.0386475,-87.9090751,NA
"Milwaukee, WI, USA",43.0386475,-87.9090751,NA
"Milwaukee, WI, USA",43.0386475,-87.9090751,NA
"Elizabethtown, PA, USA",40.153364,-76.6042521,NA
"Warrington, PA, USA",40.2492741,-75.1340604,NA
"State College, PA, USA",40.7944504,-77.8616386,NA
"State College, PA, USA",40.7944504,-77.8616386,Published
"Brookeville, MD, USA",39.1803067,-77.0584474,NA
"Brookeville, MD, USA",39.1803067,-77.0584474,NA
"Palm Beach, FL, USA",26.6279798,-80.4494174,NA
"Columbia, MO, USA",38.951883,-92.3337366,Published
"Columbia, MO, USA",38.951883,-92.3337366,NA
"Columbia, MO, USA",38.951883,-92.3337366,Published
"Detroit, MI, USA",42.3315509,-83.046640300000007,Published
"Durham, NC, USA",35.996653,-78.9018053,NA
"Durham, NC, USA",35.996653,-78.9018053,Published
"Atlanta, GA, USA",33.7544657,-84.3898151,NA
"Atlanta, GA, USA",33.7544657,-84.3898151,NA
"Atlanta, GA, USA",33.7544657,-84.3898151,Published
"LaBelle, FL, USA",26.7615384,-81.4385828,Published
"Wilbraham, MA, USA",42.1223378,-72.4313151,NA
"Spring Lake, NJ, USA",40.1535132,-74.0293941,Published
"Baltimore, MD, USA",39.2908816,-76.610759,NA
"Baltimore, MD, USA",39.2908816,-76.610759,NA
"Baltimore, MD, USA",39.2908816,-76.610759,NA
"Baltimore, MD, USA",39.2908816,-76.610759,NA
"Baltimore, MD, USA",39.2908816,-76.610759,NA
"Philadelphia, PA, USA",39.9527237,-75.1635262,NA
"Philadelphia, PA, USA",39.9527237,-75.1635262,NA
"Philadelphia, PA, USA",39.9527237,-75.1635262,NA
"Philadelphia, PA, USA",39.9527237,-75.1635262,NA
"Philadelphia, PA, USA",39.9527237,-75.1635262,NA
"Philadelphia, PA, USA",39.9527237,-75.1635262,NA
"Philadelphia, PA, USA",39.9527237,-75.1635262,NA
"Philadelphia, PA, USA",39.9527237,-75.1635262,NA
"Philadelphia, PA, USA",39.9527237,-75.1635262,NA
"Philadelphia, PA, USA",39.9527237,-75.1635262,NA
"Philadelphia, PA, USA",39.9527237,-75.1635262,NA
"Philadelphia, PA, USA",39.9527237,-75.1635262,NA
"Philadelphia, PA, USA",39.9527237,-75.1635262,NA
"Philadelphia, PA, USA",39.9527237,-75.1635262,NA
"Philadelphia, PA, USA",39.9527237,-75.1635262,NA
"Philadelphia, PA, USA",39.9527237,-75.1635262,NA
"Nampa, ID, USA",43.5737361,-116.559631,NA
"Philadelphia, PA, USA",39.9527237,-75.1635262,NA
"Philadelphia, PA, USA",39.9527237,-75.1635262,NA
"Philadelphia, PA, USA",39.9527237,-75.1635262,NA
"Philadelphia, PA, USA",39.9527237,-75.1635262,NA
"Philadelphia, PA, USA",39.9527237,-75.1635262,NA
"Philadelphia, PA, USA",39.9527237,-75.1635262,NA
"Philadelphia, PA, USA",39.9527237,-75.1635262,NA
"Philadelphia, PA, USA",39.9527237,-75.1635262,NA
"Philadelphia, PA, USA",39.9527237,-75.1635262,NA
"Philadelphia, PA, USA",39.9527237,-75.1635262,NA
"Philadelphia, PA, USA",39.9527237,-75.1635262,NA
"Philadelphia, PA, USA",39.9527237,-75.1635262,NA
"Philadelphia, PA, USA",39.9527237,-75.1635262,NA
"Philadelphia, PA, USA",39.9527237,-75.1635262,NA
"Philadelphia, PA, USA",39.9527237,-75.1635262,NA
"Philadelphia, PA, USA",39.9527237,-75.1635262,NA
"Flagstaff, AZ, USA",35.1987522,-111.651822,NA
"Mansfield, MA, USA",42.0334326,-71.2189405,NA
"Sandy, UT, USA",40.5710454,-111.8953815,NA
"Philadelphia, PA, USA",39.9527237,-75.1635262,NA
"Philadelphia, PA, USA",39.9527237,-75.1635262,NA
"Philadelphia, PA, USA",39.9527237,-75.1635262,NA
"Philadelphia, PA, USA",39.9527237,-75.1635262,NA
"Philadelphia, PA, USA",39.9527237,-75.1635262,NA
"Philadelphia, PA, USA",39.9527237,-75.1635262,NA
"Philadelphia, PA, USA",39.9527237,-75.1635262,NA
"Philadelphia, PA, USA",39.9527237,-75.1635262,NA
"Philadelphia, PA, USA",39.9527237,-75.1635262,NA
"Philadelphia, PA, USA",39.9527237,-75.1635262,NA
"Philadelphia, PA, USA",39.9527237,-75.1635262,NA
"Philadelphia, PA, USA",39.9527237,-75.1635262,NA
"Philadelphia, PA, USA",39.9527237,-75.1635262,NA
"Philadelphia, PA, USA",39.9527237,-75.1635262,NA
"Philadelphia, PA, USA",39.9527237,-75.1635262,NA
"Philadelphia, PA, USA",39.9527237,-75.1635262,NA
"Chattanooga, TN, USA",35.0457219,-85.3094883,Published
"Boston, MA, USA",42.3554334,-71.060511,NA
"Staten Island, NY, USA",40.5834557,-74.1496048,Published
"Staten Island, NY, USA",40.5834557,-74.1496048,NA
"Staten Island, NY, USA",40.5834557,-74.1496048,NA
"Staten Island, NY, USA",40.5834557,-74.1496048,Published
"Staten Island, NY, USA",40.5834557,-74.1496048,NA
"Staten Island, NY, USA",40.5834557,-74.1496048,NA
"Red Bank, NJ, USA",40.3470543,-74.0643065,NA
"Red Bank, NJ, USA",40.3470543,-74.0643065,NA
"Barrington, RI, USA",41.7407661,-71.3084633,Published
"Poulsbo, WA, USA",47.7391366,-122.63928,NA
"Chapel Hill, NC, USA",35.9131542,-79.05578,Published
"Normal, IL, USA",40.5092961,-88.9843937,Published
"Paradise, CA, USA",39.7596061,-121.6219177,NA
"Clayton, GA, USA",33.5204959,-84.3591713,Published
"Birmingham, AL, USA",33.5206824,-86.8024326,Published
"Portland, ME, USA",43.6573605,-70.2586618,NA
"Olathe, KS, USA",38.8838856,-94.81887,NA
"Los Angeles, CA, USA",34.0536909,-118.242766,NA
"Los Angeles, CA, USA",34.0536909,-118.242766,NA
"Los Angeles, CA, USA",34.0536909,-118.242766,NA
"Los Angeles, CA, USA",34.0536909,-118.242766,NA
"Los Angeles, CA, USA",34.0536909,-118.242766,NA
"Los Angeles, CA, USA",34.0536909,-118.242766,NA
"Los Angeles, CA, USA",34.0536909,-118.242766,NA
"Memphis, TN, USA",35.1460249,-90.0517638,NA
"Nevada City, CA, USA",39.2625993,-121.0187304,NA
"Brookeville, MD, USA",39.1803067,-77.0584474,NA
"Brookeville, MD, USA",39.1803067,-77.0584474,NA
"Sugar Land, TX, USA",29.6196787,-95.6349463,NA
"Ann Arbor MI, USA",42.2919478,-83.6763474,NA
"Naperville, IL, USA",41.7728699,-88.1479278,NA
"Loveland, OH, USA",39.2689476,-84.263826,NA
"Des Moines, IA, USA",41.5868654,-93.6249494,NA
"Irvine, CA, USA",33.6856969,-117.825981,NA
"Irvine, CA, USA",33.6856969,-117.825981,NA
"Irvine, CA, USA",33.6856969,-117.825981,NA
"Irvine, CA, USA",33.6856969,-117.825981,NA
"Rochester, NY, USA",43.157285,-77.615214,NA
"Rochester, NY, USA",43.157285,-77.615214,NA
"Highlands, NJ, USA",40.40372,-73.991527,NA
"Charlottesville, VA, USA",38.029306,-78.4766781,NA
"Charlottesville, VA, USA",38.029306,-78.4766781,NA
"Parker, CO, USA",39.5184514,-104.7612638,NA
"Kennett Square, PA, USA",39.8467414,-75.7116997,Published
"Ithaca, NY, USA",42.4374175,-76.5483724,NA
"Ithaca, NY, USA",42.4374175,-76.5483724,NA
"Ithaca, NY, USA",42.4374175,-76.5483724,NA
"Folsom, CA, USA",38.6779591,-121.176058,NA
"Philadelphia, PA, USA",39.9527237,-75.1635262,NA
"Philadelphia, PA, USA",39.9527237,-75.1635262,NA
"Philadelphia, PA, USA",39.9527237,-75.1635262,NA
"Philadelphia, PA, USA",39.9527237,-75.1635262,NA
"Philadelphia, PA, USA",39.9527237,-75.1635262,NA
"Philadelphia, PA, USA",39.9527237,-75.1635262,NA
"Philadelphia, PA, USA",39.9527237,-75.1635262,NA
"Philadelphia, PA, USA",39.9527237,-75.1635262,NA
"Philadelphia, PA, USA",39.9527237,-75.1635262,NA
"Philadelphia, PA, USA",39.9527237,-75.1635262,NA
"Philadelphia, PA, USA",39.9527237,-75.1635262,NA
"Philadelphia, PA, USA",39.9527237,-75.1635262,NA
"Philadelphia, PA, USA",39.9527237,-75.1635262,NA
"Philadelphia, PA, USA",39.9527237,-75.1635262,NA
"Philadelphia, PA, USA",39.9527237,-75.1635262,NA
"Philadelphia, PA, USA",39.9527237,-75.1635262,NA
"Denver, CO, USA",39.7392364,-104.984862,Published
"South Bend, IN, USA",41.6833813,-86.2500066,NA
"South Bend, IN, USA",41.6833813,-86.2500066,NA
"South Bend, IN, USA",41.6833813,-86.2500066,Published
"South Bend, IN, USA",41.6833813,-86.2500066,Published
"South Bend, IN, USA",41.6833813,-86.2500066,Published
"Philadelphia, PA, USA",39.9527237,-75.1635262,NA
"Philadelphia, PA, USA",39.9527237,-75.1635262,NA
"Philadelphia, PA, USA",39.9527237,-75.1635262,NA
"Philadelphia, PA, USA",39.9527237,-75.1635262,NA
"Philadelphia, PA, USA",39.9527237,-75.1635262,NA
"Philadelphia, PA, USA",39.9527237,-75.1635262,NA
"Philadelphia, PA, USA",39.9527237,-75.1635262,NA
"Philadelphia, PA, USA",39.9527237,-75.1635262,NA
"Philadelphia, PA, USA",39.9527237,-75.1635262,NA
"Philadelphia, PA, USA",39.9527237,-75.1635262,NA
"Philadelphia, PA, USA",39.9527237,-75.1635262,NA
"Philadelphia, PA, USA",39.9527237,-75.1635262,NA
"Philadelphia, PA, USA",39.9527237,-75.1635262,NA
"Philadelphia, PA, USA",39.9527237,-75.1635262,NA
"Philadelphia, PA, USA",39.9527237,-75.1635262,NA
"Philadelphia, PA, USA",39.9527237,-75.1635262,NA
"Lawrenceville, GA, USA",33.9566391,-83.9890066,NA
"Philadelphia, PA, USA",39.9527237,-75.1635262,NA
"Philadelphia, PA, USA",39.9527237,-75.1635262,NA
"Philadelphia, PA, USA",39.9527237,-75.1635262,NA
"Philadelphia, PA, USA",39.9527237,-75.1635262,NA
"Philadelphia, PA, USA",39.9527237,-75.1635262,NA
"Philadelphia, PA, USA",39.9527237,-75.1635262,NA
"Philadelphia, PA, USA",39.9527237,-75.1635262,NA
"Philadelphia, PA, USA",39.9527237,-75.1635262,NA
"Philadelphia, PA, USA",39.9527237,-75.1635262,NA
"Philadelphia, PA, USA",39.9527237,-75.1635262,NA
"Philadelphia, PA, USA",39.9527237,-75.1635262,NA
"Philadelphia, PA, USA",39.9527237,-75.1635262,NA
"Philadelphia, PA, USA",39.9527237,-75.1635262,NA
"Philadelphia, PA, USA",39.9527237,-75.1635262,NA
"Philadelphia, PA, USA",39.9527237,-75.1635262,NA
"Philadelphia, PA, USA",39.9527237,-75.1635262,NA
"Wichita, KS, USA",37.6922361,-97.3375448,Published
"Keyser, WV, USA",39.4409277,-78.9739156,Published
"Erie, PA, USA",42.1294712,-80.0852695,Published
"Erie, PA, USA",42.1294712,-80.0852695,NA
"Doylestown, PA, USA",40.3100446,-75.1304588,Published
"Charlottesville, VA, USA",38.029306,-78.4766781,NA
"Charlottesville, VA, USA",38.029306,-78.4766781,NA
"Northfield, MN, USA",44.4582041,-93.161159,Published
"Northfield, MN, USA",44.4582041,-93.161159,NA
"Odessa, MO, USA",38.9995797,-93.9539663,NA
"Delmar, NY, USA",42.6251239,-73.8381351,NA
"Williamstown, NJ, USA",39.688691,-74.9869191,Published
"Flint, MI, USA",43.0161693,-83.6900211,NA
"Tucson, AZ, USA",32.2228765,-110.974847,NA
"Tucson, AZ, USA",32.2228765,-110.974847,Published
"Tucson, AZ, USA",32.2228765,-110.974847,Published
"Tucson, AZ, USA",32.2228765,-110.974847,NA
"Clayton County, GA, USA",33.5204959,-84.3591713,NA
"Fairbanks, AK, USA",64.837845,-147.716675,NA
"Dallas, TX, USA",32.7762719,-96.7968559,Published
"Hurricane, WV, USA",38.4325896,-82.0201368,NA
"Chesterfield, NJ, USA",40.1153966,-74.6412727,NA
"Albuquerque, NM, USA",35.0841034,-106.650985,NA
"Albuquerque, NM, USA",35.0841034,-106.650985,NA
"Albuquerque, NM, USA",35.0841034,-106.650985,Published
"Northville, MI, USA",42.4310816,-83.4832339,NA
"Chatham County, NC, USA",35.7151316,-79.2533035,NA
"Delray Beach, FL, USA",26.4614625,-80.0728201,NA
"Milwaukee, WI, USA",43.0386475,-87.9090751,NA
"Milwaukee, WI, USA",43.0386475,-87.9090751,NA
"Milwaukee, WI, USA",43.0386475,-87.9090751,NA
"Crown Point, IN, USA",41.4169806,-87.3653136,NA
"Grand Forks, ND, USA",47.9252104,-97.0306325,NA
"Cambridge, MA, USA",42.3656347,-71.1040018,NA
"Cambridge, MA, USA",42.3656347,-71.1040018,NA
"Cambridge, MA, USA",42.3656347,-71.1040018,NA
"Kettering, OH, USA",39.6895036,-84.1688274,NA
"Prescott, AZ, USA",34.539984,-112.468812,NA
"Florence, AL, USA",34.79981,-87.677251,NA
"Napa, CA, USA",38.4898675,-122.3218414,NA
"Ann Arbor, MI, USA",42.2813722,-83.7484616,NA
"Ann Arbor, MI, USA",42.2813722,-83.7484616,NA
"Ann Arbor, MI, USA",42.2813722,-83.7484616,Published
"Lexington, NC, USA",35.8240265,-80.2533838,NA
"Miami, FL, USA",25.7741566,-80.1935973,NA
"Washington, DC, USA",38.8950368,-77.0365427,NA
"Washington, DC, USA",38.8950368,-77.0365427,NA
"Washington, DC, USA",38.8950368,-77.0365427,Published
"Junction City, KS, USA",39.0286093,-96.8313978,NA
"Fargo, ND, USA",46.877229,-96.789821,Published
"Fargo, ND, USA",46.877229,-96.789821,NA
"Fargo, ND, USA",46.877229,-96.789821,Published
"Fargo, ND, USA",46.877229,-96.789821,Published
"Fargo, ND, USA",46.877229,-96.789821,Published
"Northfield, MN, USA",44.4582041,-93.161159,Published
"Northfield, MN, USA",44.4582041,-93.161159,NA
"West Orange, NJ, USA",40.7987113,-74.2390353,Published
"Philadelphia, PA, USA",39.9527237,-75.1635262,NA
"Philadelphia, PA, USA",39.9527237,-75.1635262,NA
"Philadelphia, PA, USA",39.9527237,-75.1635262,NA
"Philadelphia, PA, USA",39.9527237,-75.1635262,NA
"Philadelphia, PA, USA",39.9527237,-75.1635262,NA
"Philadelphia, PA, USA",39.9527237,-75.1635262,NA
"Philadelphia, PA, USA",39.9527237,-75.1635262,NA
"Philadelphia, PA, USA",39.9527237,-75.1635262,NA
"Philadelphia, PA, USA",39.9527237,-75.1635262,NA
"Philadelphia, PA, USA",39.9527237,-75.1635262,NA
"Philadelphia, PA, USA",39.9527237,-75.1635262,NA
"Philadelphia, PA, USA",39.9527237,-75.1635262,NA
"Philadelphia, PA, USA",39.9527237,-75.1635262,NA
"Philadelphia, PA, USA",39.9527237,-75.1635262,NA
"Philadelphia, PA, USA",39.9527237,-75.1635262,NA
"Philadelphia, PA, USA",39.9527237,-75.1635262,NA
"Red Bank, NJ, USA",40.3470543,-74.0643065,NA
"Red Bank, NJ, USA",40.3470543,-74.0643065,NA
"Columbus, IN, USA",39.2014405,-85.9213796,Published
"Upper Saddle River, NJ, USA",41.0585352,-74.0984769,NA
"Ithaca, NY, USA",42.4374175,-76.5483724,NA
"Ithaca, NY, USA",42.4374175,-76.5483724,NA
"Ithaca, NY, USA",42.4374175,-76.5483724,NA
"Clarksville, TN, USA",36.5277607,-87.3588703,Published
"Blue Point, NY, USA",40.7529055,-73.033017,NA
"York, PA, USA",39.962493,-76.7276989,NA
"York, PA, USA",39.962493,-76.7276989,NA
"Lake Charles, LA, USA",30.2305095,-93.2169807,NA
"Middletown, DE, USA",39.4497639,-75.7166345,Published
"Philadelphia, PA, USA",39.9527237,-75.1635262,NA
"Philadelphia, PA, USA",39.9527237,-75.1635262,NA
"Philadelphia, PA, USA",39.9527237,-75.1635262,NA
"Philadelphia, PA, USA",39.9527237,-75.1635262,NA
"Philadelphia, PA, USA",39.9527237,-75.1635262,NA
"Philadelphia, PA, USA",39.9527237,-75.1635262,NA
"Philadelphia, PA, USA",39.9527237,-75.1635262,NA
"Philadelphia, PA, USA",39.9527237,-75.1635262,NA
"Philadelphia, PA, USA",39.9527237,-75.1635262,NA
"Philadelphia, PA, USA",39.9527237,-75.1635262,NA
"Philadelphia, PA, USA",39.9527237,-75.1635262,NA
"Philadelphia, PA, USA",39.9527237,-75.1635262,NA
"Philadelphia, PA, USA",39.9527237,-75.1635262,NA
"Philadelphia, PA, USA",39.9527237,-75.1635262,NA
"Philadelphia, PA, USA",39.9527237,-75.1635262,NA
"Philadelphia, PA, USA",39.9527237,-75.1635262,NA
"Columbia, MO, USA",38.951883,-92.3337366,Published
"Columbia, MO, USA",38.951883,-92.3337366,NA
"Columbia, MO, USA",38.951883,-92.3337366,Published
"Ketchum, ID, USA",43.680741,-114.363662,Published
"Staten Island, NY, USA",40.5834557,-74.1496048,Published
"Staten Island, NY, USA",40.5834557,-74.1496048,NA
"Staten Island, NY, USA",40.5834557,-74.1496048,NA
"Irvine, CA, USA",33.6856969,-117.825981,NA
"Irvine, CA, USA",33.6856969,-117.825981,NA
"Irvine, CA, USA",33.6856969,-117.825981,NA
"Irvine, CA, USA",33.6856969,-117.825981,NA
"Ithaca, NY, USA",42.4374175,-76.5483724,NA
"Ithaca, NY, USA",42.4374175,-76.5483724,NA
"Ithaca, NY, USA",42.4374175,-76.5483724,NA
"Corvallis, OR, USA",44.5645659,-123.2620435,NA
"Mentor, OH, USA",41.6664781,-81.3399769,Published
"Lexington, NE, USA",40.7788486,-99.7414869,Published
"Evanston, WY, USA",41.2682462,-110.963758,NA
"Putnam Valley, NY, USA",41.3359272,-73.8740252,Published
"Los Altos, CA, USA",37.3790629,-122.116578,NA
"Reston, VA, USA",38.953282,-77.3464516,NA
"Worcester, MA, USA",42.2625621,-71.8018877,NA
"Los Alamos, NM, USA",35.88137,-106.298959,Published
"Madison, WI, USA",43.07469,-89.3841663,Published
"Madison, WI, USA",43.07469,-89.3841663,NA
"Wellesley, MA, USA",42.2964859,-71.2925571,Published
"Philadelphia, PA, USA",39.9527237,-75.1635262,NA
"Philadelphia, PA, USA",39.9527237,-75.1635262,NA
"Philadelphia, PA, USA",39.9527237,-75.1635262,NA
"Philadelphia, PA, USA",39.9527237,-75.1635262,NA
"Philadelphia, PA, USA",39.9527237,-75.1635262,NA
"Philadelphia, PA, USA",39.9527237,-75.1635262,NA
"Philadelphia, PA, USA",39.9527237,-75.1635262,NA
"Philadelphia, PA, USA",39.9527237,-75.1635262,NA
"Philadelphia, PA, USA",39.9527237,-75.1635262,NA
"Philadelphia, PA, USA",39.9527237,-75.1635262,NA
"Philadelphia, PA, USA",39.9527237,-75.1635262,NA
"Philadelphia, PA, USA",39.9527237,-75.1635262,NA
"Philadelphia, PA, USA",39.9527237,-75.1635262,NA
"Philadelphia, PA, USA",39.9527237,-75.1635262,NA
"Philadelphia, PA, USA",39.9527237,-75.1635262,NA
"Philadelphia, PA, USA",39.9527237,-75.1635262,NA
"Medina, OH, USA",41.1000764,-81.9382517,NA
"Katy, TX, USA",29.7857853,-95.8243956,NA
"San Diego, CA, USA",32.7174202,-117.162772,NA
"San Diego, CA, USA",32.7174202,-117.162772,NA
"San Diego, CA, USA",32.7174202,-117.162772,NA
"San Diego, CA, USA",32.7174202,-117.162772,NA
"San Diego, CA, USA",32.7174202,-117.162772,Published
"San Diego, CA, USA",32.7174202,-117.162772,NA
"San Diego, CA, USA",32.7174202,-117.162772,NA
"Davis, CA, USA",38.5435526,-121.739005,NA
"Davis, CA, USA",38.5435526,-121.739005,NA
"Charleston, WV, USA",38.3505995,-81.6332812,NA
"Abington, PA, USA",40.1142201,-75.13023,NA
"Cambridge, MA, USA",42.3656347,-71.1040018,NA
"Cambridge, MA, USA",42.3656347,-71.1040018,NA
"Cambridge, MA, USA",42.3656347,-71.1040018,NA
"Houston, TX, USA",29.7589382,-95.3676974,NA
"Houston, TX, USA",29.7589382,-95.3676974,NA
"Houston, TX, USA",29.7589382,-95.3676974,NA
"Palm Springs, CA, USA",33.8246269,-116.540303,NA
"Topeka, KS, USA",39.049011,-95.677556,Published
"Topeka, KS, USA",39.049011,-95.677556,NA
"Topeka, KS, USA",39.049011,-95.677556,NA
"Dundee, NY, USA",42.5234044,-76.976631,NA
"Phoenix, AZ, USA",33.4484367,-112.074141,NA
"Phoenix, AZ, USA",33.4484367,-112.074141,NA
"Pine Bush, NY, USA",41.61329,-74.2939101,NA
"Broad Channel, NY, USA",40.6080187,-73.8158007,NA
"East Amherst, NY, USA",43.0183913,-78.696697,NA
"Verona, NJ, USA",40.829822,-74.2401466,NA
"Watertown, NY, USA",43.9747838,-75.9107565,NA
"Palm Bay, FL, USA",27.9946969,-80.6366144,Published
"Lincoln Area, NE, USA",41.1496381,-96.2495836,NA
"Fargo, ND, USA",46.877229,-96.789821,Published
"Fargo, ND, USA",46.877229,-96.789821,NA
"Fargo, ND, USA",46.877229,-96.789821,Published
"Fargo, ND, USA",46.877229,-96.789821,Published
"Fargo, ND, USA",46.877229,-96.789821,Published
"Akron, OH, USA",41.083064,-81.518485,NA
"St. Louis, MO, USA",38.6280278,-90.1910154,NA
"St. Louis, MO, USA",38.6280278,-90.1910154,Published
"St. Louis, MO, USA",38.6280278,-90.1910154,Published
"Nutley, NJ, USA",40.8223223,-74.1598663,NA
"Glen Rock, NJ, USA",40.9628758,-74.1329208,NA
"Beachwood, OH, USA",41.464498,-81.508732,NA
"Williamsburg, VA, USA",37.2708788,-76.7074042,Published
"Grand Haven, MI, USA",43.0630734,-86.2283864,NA
"Denver CO, USA",39.775168,-105.024387,NA
"Vancouver, WA, USA",45.6306954,-122.6744557,NA
"Vancouver, WA, USA",45.6306954,-122.6744557,NA
"Toledo, OH, USA",41.6529143,-83.5378173,NA
"Marion, OH, USA",40.5885271,-83.1895249,NA
"Kingman, AZ, USA",35.1895921,-114.0532996,Published
"Cary, NC, USA",35.7882893,-78.7812081,Published
"Cary, NC, USA",35.7882893,-78.7812081,NA
"Miller Place, NY, USA",40.9598212,-72.9962148,NA
"Miller Place, NY, USA",40.9598212,-72.9962148,NA
"Fargo, ND, USA",46.877229,-96.789821,Published
"Fargo, ND, USA",46.877229,-96.789821,NA
"Fargo, ND, USA",46.877229,-96.789821,Published
"Fargo, ND, USA",46.877229,-96.789821,Published
"Fargo, ND, USA",46.877229,-96.789821,Published
"Mt Prospect, IL, USA",42.0664167,-87.9372908,NA
"Oak Ridge, TN, USA",36.0103562,-84.2696449,Published
"Oak Ridge, TN, USA",36.0103562,-84.2696449,Published
"Mount Horeb, WI, USA",43.0086183,-89.7384557,NA
"Baltimore, MD, USA",39.2908816,-76.610759,NA
"Baltimore, MD, USA",39.2908816,-76.610759,NA
"Baltimore, MD, USA",39.2908816,-76.610759,NA
"Baltimore, MD, USA",39.2908816,-76.610759,NA
"Baltimore, MD, USA",39.2908816,-76.610759,NA
"Farmington MN, USA",44.6410725,-93.1468217,NA
"Quakertown, PA, USA",40.4417682,-75.3415667,NA
"Trumbull, CT, USA",41.2428742,-73.2006687,NA
"Boulder, CO, USA",40.0149856,-105.270545,NA
"Boulder, CO, USA",40.0149856,-105.270545,NA
"Boulder, CO, USA",40.0149856,-105.270545,Published
"Boulder, CO, USA",40.0149856,-105.270545,NA
"Bernards Township, NJ, USA",40.676207,-74.5633548,NA
"Strasburg, Colorado, USA",39.7319504,-104.3491794,NA
"Lodi, OH, USA",41.0330142,-82.012006,NA
"Fremont, NE, USA",41.4338363,-96.4960449,NA
"Pensacola, FL, USA",30.421309,-87.2169149,NA
"Pensacola, FL, USA",30.421309,-87.2169149,NA
"Ogden, UT, USA",41.2230048,-111.9738429,NA
"Ames, IA, USA",42.0267567,-93.6170448,NA
"Rolla, MO, USA",37.9509324,-91.7708076,NA
"Burlingame, CA, USA",37.5780965,-122.3473099,Published
"Burlingame, CA, USA",37.5780965,-122.3473099,Published
"Havana, FL, USA",30.6255617,-84.4153769,Published
"Greensburg, PA, USA",40.3024514,-79.5443274,Published
"Iowa CIty, IA, USA",41.6612561,-91.5299106,NA
"Iowa CIty, IA, USA",41.6612561,-91.5299106,NA
"Rapid City, SD, USA",44.0806041,-103.228023,NA
"Norwalk, OH, USA",41.2424219,-82.6155745,NA
"Candia, NH, USA",43.077916,-71.277237,NA
"Las Vegas, NV, USA",36.1674263,-115.1484131,NA
"Las Vegas, NV, USA",36.1674263,-115.1484131,Published
"Snohomish, WA, USA",48.0074736,-121.7304882,NA
"Camp Hill, PA, USA",40.2398118,-76.9199742,NA
"Iowa City, IA, USA",41.6612561,-91.5299106,NA
"Iowa City, IA, USA",41.6612561,-91.5299106,NA
"Iowa City, IA, USA",41.6612561,-91.5299106,Published
"Iowa City, IA, USA",41.6612561,-91.5299106,Published
"Redwood City, CA, USA",37.4863239,-122.232523,NA
"Mount Vernon, IA, USA",41.9222443,-91.4171209,Published
"Rochester, NH, USA",43.3050758,-70.9753978,NA
"San Diego, CA, USA",32.7174202,-117.162772,NA
"San Diego, CA, USA",32.7174202,-117.162772,NA
"San Diego, CA, USA",32.7174202,-117.162772,NA
"San Diego, CA, USA",32.7174202,-117.162772,NA
"San Diego, CA, USA",32.7174202,-117.162772,Published
"San Diego, CA, USA",32.7174202,-117.162772,NA
"San Diego, CA, USA",32.7174202,-117.162772,NA
"Allentown, PA, USA",40.6022552,-75.4716115,Published
"Aurora, CO, USA",39.7405111,-104.830994,Published
"Ponca City, OK, USA",36.703647,-97.081898,NA
"San Antonio, TX, USA",29.4246002,-98.4951405,NA
"San Antonio, TX, USA",29.4246002,-98.4951405,NA
"Cohasset, MA, USA",42.2410158,-70.8035571,NA
"Iowa CIty, IA, USA",41.6612561,-91.5299106,NA
"Iowa CIty, IA, USA",41.6612561,-91.5299106,NA
"Long Island, NY, USA",40.8514971,-73.0994297,Published
"Long Island, NY, USA",40.8514971,-73.0994297,NA
"Davenport, IA, USA",41.5235808,-90.5770967,NA
"Davenport, IA, USA",41.5235808,-90.5770967,NA
"Poughkeepsie NY, USA",41.7065539,-73.9283672,NA
"Tampa, FL, USA",27.9477595,-82.458444,NA
"Tampa, FL, USA",27.9477595,-82.458444,NA
"Avon, IN, USA",39.7628227,-86.3997168,NA
"Morrisville, PA, USA",40.20824,-74.7755065,NA
"Laramie, WY, USA",41.3116442,-105.5917876,NA
"Summerville, GA, USA",34.480642,-85.3477343,Published
"Riverhead, NY, USA",40.9168692,-72.6624189,Published
"Sapulpa, OK, USA",36.0005035,-96.1049612,NA
"The Bronx, NY, USA",40.8466508,-73.8785937,Published
"The Bronx, NY, USA",40.8466508,-73.8785937,NA
"Morgantown, PA, USA",40.1552219,-75.889912,NA
"Alpharetta, GA, USA",34.0755962,-84.2945964,NA
"Salt Lake City, UT, USA",40.7596198,-111.886797,Published
"Salt Lake City, UT, USA",40.7596198,-111.886797,NA
"Iowa City, IA, USA",41.6612561,-91.5299106,NA
"Iowa City, IA, USA",41.6612561,-91.5299106,NA
"Iowa City, IA, USA",41.6612561,-91.5299106,Published
"Iowa City, IA, USA",41.6612561,-91.5299106,Published
"Fort Collins, CO, USA",40.5871782,-105.0770113,Published
"Fort Collins, CO, USA",40.5871782,-105.0770113,NA
"Fort Collins, CO, USA",40.5871782,-105.0770113,NA
"Fort Collins, CO, USA",40.5871782,-105.0770113,NA
"Tunkhannock, PA, USA",41.5385159,-75.946844,NA
"Lenox, MA, USA",42.3568223,-73.2850851,NA
"North Aurora, IL, USA",41.8061399,-88.3272952,NA
"Salem, OR, USA",44.9391565,-123.033121,NA
"Wheeling, WV, USA",40.0639616,-80.7209149,Published
"Wheeling, WV, USA",40.0639616,-80.7209149,Published
"Santa Clara, CA, USA",37.3541132,-121.955174,NA
"Shelbyville, IN, USA",39.5214373,-85.7769238,NA
"Asheville, NC, USA",35.595363,-82.5508407,NA
"Seattle, WA, USA",47.6038321,-122.330062,NA
"Seattle, WA, USA",47.6038321,-122.330062,Published
"Seattle, WA, USA",47.6038321,-122.330062,NA
"Brattleboro, VT, USA",42.8507588,-72.5572913,Published
"Northampton, MA, USA",42.3178989,-72.6311006,Published
"Northampton, MA, USA",42.3178989,-72.6311006,Published
"Reinbeck, IA, USA",42.3242883,-92.5993534,NA
"Zion, IL, USA",42.4501169,-87.8337753,NA
"Syracuse, NY, USA",43.0481221,-76.1474244,NA
"Anaheim, CA, USA",33.8347516,-117.911732,NA
"Waukee, IA, USA",41.6118485,-93.8845129,Published
"Harvest, AL, USA",34.8558725,-86.7491214,NA
"Durango, CO, USA",37.2769484,-107.8766,Published
"San Ramon, CA, USA",37.7648021,-121.9544387,NA
"Old Town, ME, USA",44.9353108,-68.6460961,NA
"Philadelphia, PA, USA",39.9527237,-75.1635262,NA
"Philadelphia, PA, USA",39.9527237,-75.1635262,NA
"Philadelphia, PA, USA",39.9527237,-75.1635262,NA
"Philadelphia, PA, USA",39.9527237,-75.1635262,NA
"Philadelphia, PA, USA",39.9527237,-75.1635262,NA
"Philadelphia, PA, USA",39.9527237,-75.1635262,NA
"Philadelphia, PA, USA",39.9527237,-75.1635262,NA
"Philadelphia, PA, USA",39.9527237,-75.1635262,NA
"Philadelphia, PA, USA",39.9527237,-75.1635262,NA
"Philadelphia, PA, USA",39.9527237,-75.1635262,NA
"Philadelphia, PA, USA",39.9527237,-75.1635262,NA
"Philadelphia, PA, USA",39.9527237,-75.1635262,NA
"Philadelphia, PA, USA",39.9527237,-75.1635262,NA
"Philadelphia, PA, USA",39.9527237,-75.1635262,NA
"Philadelphia, PA, USA",39.9527237,-75.1635262,NA
"Philadelphia, PA, USA",39.9527237,-75.1635262,NA
"Topeka, KS, USA",39.049011,-95.677556,Published
"Topeka, KS, USA",39.049011,-95.677556,NA
"Topeka, KS, USA",39.049011,-95.677556,NA
"New Smyrna Beach, FL, USA",29.0258132,-80.9271271,NA
"State College, USA",40.7944504,-77.8616386,NA
"Savannah, GA, USA",32.0790074,-81.0921335,Published
"Savannah, GA, USA",32.0790074,-81.0921335,NA
"Waxhaw, NC, USA",34.9248125,-80.7440174,NA
"Hermitage, PA, USA",41.2333897,-80.44868,NA
"Beckley, WV, USA",37.7781702,-81.1881557,NA
"Williamston, MI, USA",42.689151,-84.2832798,NA
"Wheeling, WV, USA",40.0639616,-80.7209149,Published
"Wheeling, WV, USA",40.0639616,-80.7209149,Published
"Chesterfield, MO, USA",38.661953,-90.5643258,NA
"Haddam, CT, USA",41.4803384,-72.5160604,NA
"Federal Way, WA, USA",47.313494,-122.33931,NA
"Waco, TX, USA",31.5491899,-97.1474628,NA
"College Station, TX, USA",30.6183939,-96.3455991,Published
"College Station, TX, USA",30.6183939,-96.3455991,NA
"South Jordan, UT, USA",40.5584882,-111.9367107,NA
"Duluth, MN, USA",46.7838287,-92.1052679,NA
"Glenview, IL, USA",42.0700662,-87.8114044,NA
"Sandwich, MA, USA",41.7579043,-70.4968152,NA
"Livingston, NJ, USA",40.7959335,-74.3148713,Published
"Livingston, NJ, USA",40.7959335,-74.3148713,Published
"Northampton MA, USA",40.6313422,-75.3766083,Published
"Northampton, MA, USA",42.3178989,-72.6311006,Published
"Northampton, MA, USA",42.3178989,-72.6311006,Published
"Castro Valley, CA, USA",37.713606,-122.0715658,NA
"Beaver Dam, WI, USA",43.4577692,-88.837329,NA
"Sharon Center, OH, USA",41.0997766,-81.7356853,NA
"Goodlettsville, TN, USA",36.3231067,-86.7133302,Published
"Manlius, NY, USA",43.0020107,-75.9768632,Published
"Manlius, NY, USA",43.0020107,-75.9768632,NA
"Elgin, IL, USA",42.03726,-88.2810994,NA
"Elgin, IL, USA",42.03726,-88.2810994,NA
"Livingston, NJ, USA",40.7959335,-74.3148713,Published
"Livingston, NJ, USA",40.7959335,-74.3148713,Published
"Bucks County, PA, USA",40.3451668,-75.1263909,NA
"Winnetka, CA, USA",34.2013207,-118.5711037,NA
"Port Orange, FL, USA",29.1386874,-80.9968286,NA
"Santa Barbara, CA , USA",34.4221319,-119.702667,NA
"Arlington, TX, USA",32.7355816,-97.1071186,NA
"East Lyme, CT, USA",41.3482141,-72.2092951,Published
"Havertown, PA, USA",39.9809452,-75.3085201,Published
"Chalfont, PA, USA",40.2869695,-75.2087721,NA
"Newtown, CT, USA",41.4134764,-73.3086445,NA
"Lebanon, NH, USA",43.643032,-72.251587,Published
"Lebanon, NH, USA",43.643032,-72.251587,NA
"Anchorage, AK, USA",61.2163129,-149.894852,Published
"Brookline, MA, USA",42.332918,-71.1187829,Published
"Albany, CA, USA",37.8871621,-122.298351,NA
"Baltimore, MD, USA",39.2908816,-76.610759,NA
"Baltimore, MD, USA",39.2908816,-76.610759,NA
"Baltimore, MD, USA",39.2908816,-76.610759,NA
"Baltimore, MD, USA",39.2908816,-76.610759,NA
"Baltimore, MD, USA",39.2908816,-76.610759,NA
"Amherst, NH, USA",42.8642874,-71.6252484,NA
"Seattle, WA, USA",47.6038321,-122.330062,NA
"Seattle, WA, USA",47.6038321,-122.330062,Published
"Seattle, WA, USA",47.6038321,-122.330062,NA
"Sioux Falls, SD, USA",43.5476008,-96.7293629,NA
"Albuquerque, NM, USA",35.0841034,-106.650985,NA
"Albuquerque, NM, USA",35.0841034,-106.650985,NA
"Albuquerque, NM, USA",35.0841034,-106.650985,Published
"St. Louis, MO, USA",38.6280278,-90.1910154,NA
"St. Louis, MO, USA",38.6280278,-90.1910154,Published
"St. Louis, MO, USA",38.6280278,-90.1910154,Published
"Atlanta, GA, USA",33.7544657,-84.3898151,NA
"Atlanta, GA, USA",33.7544657,-84.3898151,NA
"Atlanta, GA, USA",33.7544657,-84.3898151,Published
"Rockford, MI, USA",43.119721,-85.559604,Published
"Eugene, Oregon, USA",44.0505054,-123.0950506,NA
"Amherst, MA, USA",42.3731948,-72.5198761,NA
"Tallahassee, Florida, USA",30.4380832,-84.2809332,NA
"Houston, TX, USA",29.7589382,-95.3676974,NA
"Houston, TX, USA",29.7589382,-95.3676974,NA
"Houston, TX, USA",29.7589382,-95.3676974,NA
"Ojai, CA, USA",34.4480495,-119.242889,NA
"Crescent, IA, USA",41.3650699,-95.858422,NA
"Lexington, KY, USA",38.0464066,-84.4970393,Published
"Lexington, KY, USA",38.0464066,-84.4970393,NA
"Lexington, KY, USA",38.0464066,-84.4970393,Published
"Sun Prairie, WI, USA",43.183278,-89.2128297,Published
"Canon City, CO, USA",38.4422506,-105.2348795,Published
"Tampa, FL, USA",27.9477595,-82.458444,NA
"Tampa, FL, USA",27.9477595,-82.458444,NA
"Orlando, FL, USA",28.5421109,-81.3790304,NA
"Julian, WV, USA",38.1575496,-81.8557697,NA
"Cary, NC, USA",35.7882893,-78.7812081,Published
"Cary, NC, USA",35.7882893,-78.7812081,NA
"Dayton, OH, USA",39.7589478,-84.1916069,NA
"Cape Girardeau, MO, USA",37.304731,-89.5176418,NA
"Kempner, TX, USA",31.081007,-98.0025249,Published
"South Bend, IN, USA",41.6833813,-86.2500066,NA
"South Bend, IN, USA",41.6833813,-86.2500066,NA
"South Bend, IN, USA",41.6833813,-86.2500066,Published
"South Bend, IN, USA",41.6833813,-86.2500066,Published
"South Bend, IN, USA",41.6833813,-86.2500066,Published
"Piedmont, CA, USA",37.8243715,-122.231635,NA
"Long Grove IL, USA",42.1783584,-87.9978518,NA
"Campbell, CA, USA",37.2870626,-121.944881,NA
"Falls Church, VA, USA",38.882334,-77.1710914,NA
"College Station, TX, USA",30.6183939,-96.3455991,Published
"College Station, TX, USA",30.6183939,-96.3455991,NA
"Cupertino, CA, USA",37.3228934,-122.0322895,NA
"Dryden, NY, USA",42.4906182,-76.2976663,NA
"South Bend, IN, USA",41.6833813,-86.2500066,NA
"South Bend, IN, USA",41.6833813,-86.2500066,NA
"South Bend, IN, USA",41.6833813,-86.2500066,Published
"South Bend, IN, USA",41.6833813,-86.2500066,Published
"South Bend, IN, USA",41.6833813,-86.2500066,Published
"Philadelphia, PA, USA",39.9527237,-75.1635262,NA
"Philadelphia, PA, USA",39.9527237,-75.1635262,NA
"Philadelphia, PA, USA",39.9527237,-75.1635262,NA
"Philadelphia, PA, USA",39.9527237,-75.1635262,NA
"Philadelphia, PA, USA",39.9527237,-75.1635262,NA
"Philadelphia, PA, USA",39.9527237,-75.1635262,NA
"Philadelphia, PA, USA",39.9527237,-75.1635262,NA
"Philadelphia, PA, USA",39.9527237,-75.1635262,NA
"Philadelphia, PA, USA",39.9527237,-75.1635262,NA
"Philadelphia, PA, USA",39.9527237,-75.1635262,NA
"Philadelphia, PA, USA",39.9527237,-75.1635262,NA
"Philadelphia, PA, USA",39.9527237,-75.1635262,NA
"Philadelphia, PA, USA",39.9527237,-75.1635262,NA
"Philadelphia, PA, USA",39.9527237,-75.1635262,NA
"Philadelphia, PA, USA",39.9527237,-75.1635262,NA
"Philadelphia, PA, USA",39.9527237,-75.1635262,NA
"New York, NY, USA",40.7127281,-74.0060152,NA
"New York, NY, USA",40.7127281,-74.0060152,NA
"New York, NY, USA",40.7127281,-74.0060152,NA
"Boulder, CO, USA",40.0149856,-105.270545,NA
"Boulder, CO, USA",40.0149856,-105.270545,NA
"Boulder, CO, USA",40.0149856,-105.270545,Published
"Boulder, CO, USA",40.0149856,-105.270545,NA
"Audubon, PA, USA",40.1311744,-75.4227989,NA
"Reno, NV, USA",39.5261788,-119.812658,NA
"Maplewood, NJ, USA",40.7312123,-74.2734808,NA
"New York, NY, USA",40.7127281,-74.0060152,NA
"New York, NY, USA",40.7127281,-74.0060152,NA
"New York, NY, USA",40.7127281,-74.0060152,NA
"Lithia, FL, USA",27.8580398,-82.161927,NA
"Burbank, CA, USA",34.1812089,-118.307201,NA
"Greenville, NY, USA",41.3606496,-74.6165503,NA
"Calabasas, CA, USA",34.1446643,-118.644097,Published
"Valley Stream, USA",40.6631362,-73.7056955,NA
"Clarence Center, NY, USA",43.0080332,-78.6322021,Published
"Montague, MA, USA",42.5901227,-72.5497332,NA
"Fontana, CA, USA",34.0922947,-117.43433,NA
"Baltimore, MD, USA",39.2908816,-76.610759,NA
"Baltimore, MD, USA",39.2908816,-76.610759,NA
"Baltimore, MD, USA",39.2908816,-76.610759,NA
"Baltimore, MD, USA",39.2908816,-76.610759,NA
"Baltimore, MD, USA",39.2908816,-76.610759,NA
"White Plains, NY, USA",41.0339862,-73.7629097,NA
"Seville, OH, USA",41.010077,-81.8622222,NA
"Romulus, NY, USA",42.7520803,-76.833708,Published
"Mullen, NE, USA",42.0429412,-101.0425231,Published
"San Jose, CA, USA",37.3361663,-121.890591,NA
"San Jose, CA, USA",37.3361663,-121.890591,NA
"Pensacola, FL, USA",30.421309,-87.2169149,NA
"Pensacola, FL, USA",30.421309,-87.2169149,NA
"Elm Grove, WI, USA",43.0430679,-88.078978,NA
"Grand Rapids, MI, USA",42.9632425,-85.6678639,NA
"Kimball, NE, USA",41.1881305,-103.6997645,NA
"Upland, CA, USA",34.09751,-117.6483876,NA
"Florissant, MO, USA",38.7919683,-90.3227803,NA
"Houghton, MI, USA",46.8591287,-88.7774734,NA
"Houghton, MI, USA",46.8591287,-88.7774734,Published
"Hampton, VA, USA",37.0264414,-76.3442846,NA
"Hampton, VA, USA",37.0264414,-76.3442846,NA
"Athens, GA, USA",33.9597677,-83.376398,NA
"Athens, GA, USA",33.9597677,-83.376398,NA
"Pittsburgh, PA, USA",40.4416941,-79.9900861,NA
"Pittsburgh, PA, USA",40.4416941,-79.9900861,NA
"Pittsburgh, PA, USA",40.4416941,-79.9900861,NA
"Stanford, CA, USA",37.427467,-122.1702445,NA
"Mason, TX, USA",30.705029,-99.2233284,Published
"Palo Alto, CA, USA",37.4443293,-122.1598465,NA
"San Jose, CA, USA",37.3361663,-121.890591,NA
"San Jose, CA, USA",37.3361663,-121.890591,NA
"San Juan, PR",18.465299,-66.116666,Published
"Brentwood, TN, USA",36.0325687,-86.7825235,NA
"Orem, UT, USA",40.2981599,-111.6944313,NA
"Waverly, NY, USA",42.0103519,-76.527166,NA
"Jackson, TN, USA",35.6144446,-88.8177418,NA
"Raleigh, NC, USA",35.7803977,-78.6390989,NA
"Raleigh, NC, USA",35.7803977,-78.6390989,NA
"Raleigh, NC, USA",35.7803977,-78.6390989,Published
"El Cajon, CA, USA",32.7947731,-116.962526,Published
"North Brunswick, NJ, USA",40.4539249,-74.476545,NA
"Lower Saucon Township, PA, USA",40.6062107,-75.2823999,NA
"Madison, WI, USA",43.07469,-89.3841663,Published
"Madison, WI, USA",43.07469,-89.3841663,NA
"Gainesville, FL, USA",29.6519684,-82.3249846,NA
"Philadelphia, PA, USA",39.9527237,-75.1635262,NA
"Philadelphia, PA, USA",39.9527237,-75.1635262,NA
"Philadelphia, PA, USA",39.9527237,-75.1635262,NA
"Philadelphia, PA, USA",39.9527237,-75.1635262,NA
"Philadelphia, PA, USA",39.9527237,-75.1635262,NA
"Philadelphia, PA, USA",39.9527237,-75.1635262,NA
"Philadelphia, PA, USA",39.9527237,-75.1635262,NA
"Philadelphia, PA, USA",39.9527237,-75.1635262,NA
"Philadelphia, PA, USA",39.9527237,-75.1635262,NA
"Philadelphia, PA, USA",39.9527237,-75.1635262,NA
"Philadelphia, PA, USA",39.9527237,-75.1635262,NA
"Philadelphia, PA, USA",39.9527237,-75.1635262,NA
"Philadelphia, PA, USA",39.9527237,-75.1635262,NA
"Philadelphia, PA, USA",39.9527237,-75.1635262,NA
"Philadelphia, PA, USA",39.9527237,-75.1635262,NA
"Philadelphia, PA, USA",39.9527237,-75.1635262,NA
"Missoula, MT, USA",46.8701049,-113.995267,NA
"Missoula, MT, USA",46.8701049,-113.995267,NA
"New Canaan, CT, USA",41.146763,-73.4948446,NA
"Lenoir City, TN, USA",35.7972998,-84.2560299,NA
"Fort Collins, CO, USA",40.5871782,-105.0770113,Published
"Fort Collins, CO, USA",40.5871782,-105.0770113,NA
"Fort Collins, CO, USA",40.5871782,-105.0770113,NA
"Fort Collins, CO, USA",40.5871782,-105.0770113,NA
"Los Angles, CA, USA",33.804451,-118.0154714,NA
"Greensboro, NC, USA",36.0726355,-79.7919754,NA
"Pittsburgh, PA, USA",40.4416941,-79.9900861,NA
"Pittsburgh, PA, USA",40.4416941,-79.9900861,NA
"Pittsburgh, PA, USA",40.4416941,-79.9900861,NA
"Dickson, TN, USA",36.1459327,-87.3480592,NA
"North Attleboro, MA, USA",41.9841334,-71.3322798,NA
"Oxford, MS, USA",34.3663773,-89.5187664,NA
"Hampton, VA, USA",37.0264414,-76.3442846,NA
"Hampton, VA, USA",37.0264414,-76.3442846,NA
"Brooklyn, NY, USA",40.6526006,-73.9497211,NA
"Brooklyn, NY, USA",40.6526006,-73.9497211,NA
"Erie, PA, USA",42.1294712,-80.0852695,Published
"Erie, PA, USA",42.1294712,-80.0852695,NA
"Minnetrista, MN, USA",44.923562,-93.7186813,Published
"Long Beach, CA, USA",33.7690164,-118.191604,NA
"Lodi, CA, USA",38.1342805,-121.2736022,Published
"Lodi, CA, USA",38.1342805,-121.2736022,Published
"Raleigh, NC, USA",35.7803977,-78.6390989,NA
"Raleigh, NC, USA",35.7803977,-78.6390989,NA
"Raleigh, NC, USA",35.7803977,-78.6390989,Published
"Lodi, CA, USA",38.1342805,-121.2736022,Published
"Lodi, CA, USA",38.1342805,-121.2736022,Published
"Edina, MN, USA",44.8897027,-93.3501222,NA
"Hillsborough, CA, USA",37.557252,-122.362529,Published
"Rock Island, IL, USA",41.4411786,-90.5766144,NA
"Mobile, AL, USA",30.6913462,-88.0437509,NA
"Bayonne, NJ, USA",40.6687141,-74.1143091,NA
"Birmingham, MI, USA",42.5467012,-83.2113192,NA
"Ellicott City, MD, USA",39.2757359,-76.8317417,NA
"Bellingham, WA, USA",48.7544012,-122.478836,NA
"Highland Park, NJ, USA",40.4997407,-74.4262011,NA
"Hendersonville, TN, USA",36.3049177,-86.621443,NA
"Irvine, CA, USA",33.6856969,-117.825981,NA
"Irvine, CA, USA",33.6856969,-117.825981,NA
"Irvine, CA, USA",33.6856969,-117.825981,NA
"Irvine, CA, USA",33.6856969,-117.825981,NA
"Los Angeles, CA, USA",34.0536909,-118.242766,NA
"Los Angeles, CA, USA",34.0536909,-118.242766,NA
"Los Angeles, CA, USA",34.0536909,-118.242766,NA
"Los Angeles, CA, USA",34.0536909,-118.242766,NA
"Los Angeles, CA, USA",34.0536909,-118.242766,NA
"Los Angeles, CA, USA",34.0536909,-118.242766,NA
"Los Angeles, CA, USA",34.0536909,-118.242766,NA
"Los Angeles, CA, USA",34.0536909,-118.242766,NA
"Los Angeles, CA, USA",34.0536909,-118.242766,NA
"Los Angeles, CA, USA",34.0536909,-118.242766,NA
"Los Angeles, CA, USA",34.0536909,-118.242766,NA
"Los Angeles, CA, USA",34.0536909,-118.242766,NA
"Los Angeles, CA, USA",34.0536909,-118.242766,NA
"Los Angeles, CA, USA",34.0536909,-118.242766,NA
"New Orleans, LA, USA",29.9559145,-90.0730259,NA
"Fremont, CA, USA",37.5482697,-121.988571,Published
"Brooklyn, NY, USA",40.6526006,-73.9497211,NA
"Brooklyn, NY, USA",40.6526006,-73.9497211,NA
"Salt Lake City, UT, USA",40.7596198,-111.886797,Published
"Salt Lake City, UT, USA",40.7596198,-111.886797,NA
"Temecula, CA, USA",33.4946353,-117.147366,NA
"Belmont, MA, USA",42.3959296,-71.1786655,NA
"Murphysboro, IL, USA",37.7644952,-89.3350888,NA
"Watertown, MA, USA",42.3652576,-71.1843234,Published
"Lake George, NY, USA",43.425996,-73.712425,NA
"Newton, MA, USA",42.3370414,-71.2092214,NA
"Fullerton, CA, USA",33.8708215,-117.929416,NA
"Fargo, ND, USA",46.877229,-96.789821,Published
"Fargo, ND, USA",46.877229,-96.789821,NA
"Fargo, ND, USA",46.877229,-96.789821,Published
"Fargo, ND, USA",46.877229,-96.789821,Published
"Fargo, ND, USA",46.877229,-96.789821,Published
"Hamilton, MT, USA",46.2472045,-114.1555462,NA
"Boulder, CO, USA",40.0149856,-105.270545,NA
"Boulder, CO, USA",40.0149856,-105.270545,NA
"Boulder, CO, USA",40.0149856,-105.270545,Published
"Boulder, CO, USA",40.0149856,-105.270545,NA
"Fairfield, CA, USA",38.2493581,-122.039966,NA
"Pearl City, HI, USA",21.4001231,-157.969428,NA
"Farmington, NY, USA",42.9830863,-77.3257438,Published
"San Diego, CA , USA",32.7174202,-117.162772,NA
"San Diego, CA , USA",32.7174202,-117.162772,Published
"Jamestown, NY, USA",42.0965167,-79.2380322,NA
"Jamestown, NY, USA",42.0965167,-79.2380322,Published
"Hayden, ID, USA",47.7590638,-116.7866807,NA
"Farmington, CT, USA",41.7198216,-72.8320435,NA
"State College, PA, USA",40.7944504,-77.8616386,NA
"State College, PA, USA",40.7944504,-77.8616386,Published
"Philadelphia, PA, USA",39.9527237,-75.1635262,NA
"Philadelphia, PA, USA",39.9527237,-75.1635262,NA
"Philadelphia, PA, USA",39.9527237,-75.1635262,NA
"Philadelphia, PA, USA",39.9527237,-75.1635262,NA
"Philadelphia, PA, USA",39.9527237,-75.1635262,NA
"Philadelphia, PA, USA",39.9527237,-75.1635262,NA
"Philadelphia, PA, USA",39.9527237,-75.1635262,NA
"Philadelphia, PA, USA",39.9527237,-75.1635262,NA
"Philadelphia, PA, USA",39.9527237,-75.1635262,NA
"Philadelphia, PA, USA",39.9527237,-75.1635262,NA
"Philadelphia, PA, USA",39.9527237,-75.1635262,NA
"Philadelphia, PA, USA",39.9527237,-75.1635262,NA
"Philadelphia, PA, USA",39.9527237,-75.1635262,NA
"Philadelphia, PA, USA",39.9527237,-75.1635262,NA
"Philadelphia, PA, USA",39.9527237,-75.1635262,NA
"Philadelphia, PA, USA",39.9527237,-75.1635262,NA
"Swarthmore PA, USA",39.9020565,-75.3499124,NA
"Pasadena, CA, USA",34.1476507,-118.144155,NA
"Vancouver, WA, USA",45.6306954,-122.6744557,NA
"Vancouver, WA, USA",45.6306954,-122.6744557,NA
"Raleigh, NC, USA",35.7803977,-78.6390989,NA
"Raleigh, NC, USA",35.7803977,-78.6390989,NA
"Raleigh, NC, USA",35.7803977,-78.6390989,Published
"Topeka, KS , USA",39.049011,-95.677556,NA
"Tucson, AZ, USA",32.2228765,-110.974847,NA
"Tucson, AZ, USA",32.2228765,-110.974847,Published
"Tucson, AZ, USA",32.2228765,-110.974847,Published
"Tucson, AZ, USA",32.2228765,-110.974847,NA
"Joliet, IL, USA",41.5263603,-88.0840212,NA
"Joliet, IL, USA",41.5263603,-88.0840212,NA
"Windsor, VT, USA",43.4798875,-72.3866266,Published
"Miller Place, NY, USA",40.9598212,-72.9962148,NA
"Miller Place, NY, USA",40.9598212,-72.9962148,NA
"Seattle, WA, USA",47.6038321,-122.330062,NA
"Seattle, WA, USA",47.6038321,-122.330062,Published
"Seattle, WA, USA",47.6038321,-122.330062,NA
"Tamaqua, PA, USA",40.7974296,-75.9696186,NA
"Little Rock, AR, USA",34.7465071,-92.2896267,NA
"Burlington, VT, USA",44.4761601,-73.212906,NA
"Pleasanton, CA, USA",37.6624312,-121.8746789,NA
"Pinellas Park, FL, USA",27.8428025,-82.6995444,NA
"San Diego, CA, USA",32.7174202,-117.162772,NA
"San Diego, CA, USA",32.7174202,-117.162772,NA
"San Diego, CA, USA",32.7174202,-117.162772,NA
"San Diego, CA, USA",32.7174202,-117.162772,NA
"San Diego, CA, USA",32.7174202,-117.162772,Published
"San Diego, CA, USA",32.7174202,-117.162772,NA
"San Diego, CA, USA",32.7174202,-117.162772,NA
"Atlanta, GA, USA",33.7544657,-84.3898151,NA
"Atlanta, GA, USA",33.7544657,-84.3898151,NA
"Atlanta, GA, USA",33.7544657,-84.3898151,Published
"Thetford, VT, USA",43.8286805,-72.2462023,NA
"River Grove, IL, USA",41.9258642,-87.8358943,NA
"Bloomington, IN, USA",39.1670396,-86.5342881,Published
"Irvine, CA, USA",33.6856969,-117.825981,NA
"Irvine, CA, USA",33.6856969,-117.825981,NA
"Irvine, CA, USA",33.6856969,-117.825981,NA
"Irvine, CA, USA",33.6856969,-117.825981,NA
"Madison, CT, USA",41.2794282,-72.5983151,NA
"Tulsa, OK, USA",36.1563122,-95.9927516,Published
"Chicago, IL, USA",41.8755616,-87.6244212,NA
"Chicago, IL, USA",41.8755616,-87.6244212,Published
"San Diego, CA, USA",32.7174202,-117.162772,NA
"San Diego, CA, USA",32.7174202,-117.162772,NA
"San Diego, CA, USA",32.7174202,-117.162772,NA
"San Diego, CA, USA",32.7174202,-117.162772,NA
"San Diego, CA, USA",32.7174202,-117.162772,Published
"San Diego, CA, USA",32.7174202,-117.162772,NA
"San Diego, CA, USA",32.7174202,-117.162772,NA
"Gonzales, LA, USA",30.2385294,-90.9200987,NA
"Watkins Glen, NY, USA",42.3810555,-76.8705777,Published
"Davis, CA, USA",38.5435526,-121.739005,NA
"Davis, CA, USA",38.5435526,-121.739005,NA
"Clarksville, TN , USA",36.5277607,-87.3588703,Published
"Davenport, IA, USA",41.5235808,-90.5770967,NA
"Davenport, IA, USA",41.5235808,-90.5770967,NA
"Trinity, FL, USA",28.1801635,-82.6542124,Published
"Tifton, GA, USA",31.4549719,-83.5108284,Published
"Oklahoma City, OK, USA",35.4729886,-97.5170536,Published
"Burlingame, CA, USA",37.5780965,-122.3473099,Published
"Burlingame, CA, USA",37.5780965,-122.3473099,Published
"Astoria, OR, USA",46.1882007,-123.8319802,Published
"Rockville, MD, USA",39.0817985,-77.1516844,NA
"Fargo, ND, USA",46.877229,-96.789821,Published
"Fargo, ND, USA",46.877229,-96.789821,NA
"Fargo, ND, USA",46.877229,-96.789821,Published
"Fargo, ND, USA",46.877229,-96.789821,Published
"Fargo, ND, USA",46.877229,-96.789821,Published
"Macon, GA, USA",32.8406946,-83.6324022,NA
"Columbia, MO, USA",38.951883,-92.3337366,Published
"Columbia, MO, USA",38.951883,-92.3337366,NA
"Columbia, MO, USA",38.951883,-92.3337366,Published
"Durham, NC, USA",35.996653,-78.9018053,NA
"Durham, NC, USA",35.996653,-78.9018053,Published
"Bourbonnais, IL, USA",41.1639309,-87.8839693,NA
"Oak Ridge, TN, USA",36.0103562,-84.2696449,Published
"Oak Ridge, TN, USA",36.0103562,-84.2696449,Published
"Ft. Lauderdale, FL, USA",26.1223084,-80.1433786,NA
"Boscawen, NH, USA",43.315187,-71.621246,NA
"South Bend, IN, USA",41.6833813,-86.2500066,NA
"South Bend, IN, USA",41.6833813,-86.2500066,NA
"South Bend, IN, USA",41.6833813,-86.2500066,Published
"South Bend, IN, USA",41.6833813,-86.2500066,Published
"South Bend, IN, USA",41.6833813,-86.2500066,Published
"Clifton, VA, USA",38.7802651,-77.3867133,NA
"Phoenix, AZ, USA",33.4484367,-112.074141,NA
"Phoenix, AZ, USA",33.4484367,-112.074141,NA
"Cincinnati, OH, USA",39.1014537,-84.5124602,NA
"Cincinnati, OH, USA",39.1014537,-84.5124602,NA
"Blythe, CA, USA",33.6134767,-114.5937537,Published
"Houston, TX, USA",29.7589382,-95.3676974,NA
"Houston, TX, USA",29.7589382,-95.3676974,NA
"Houston, TX, USA",29.7589382,-95.3676974,NA
"San Diego, CA, USA",32.7174202,-117.162772,NA
"San Diego, CA, USA",32.7174202,-117.162772,NA
"San Diego, CA, USA",32.7174202,-117.162772,NA
"San Diego, CA, USA",32.7174202,-117.162772,NA
"San Diego, CA, USA",32.7174202,-117.162772,Published
"San Diego, CA, USA",32.7174202,-117.162772,NA
"San Diego, CA, USA",32.7174202,-117.162772,NA
"Cranbury, NJ, USA",40.3133907,-74.5201927,NA
"Schenectady, NY, USA",42.8142432,-73.9395687,Published
"Clinton, KY, USA",36.7190018,-85.1426047,Published
"Iowa City, IA, USA",41.6612561,-91.5299106,NA
"Iowa City, IA, USA",41.6612561,-91.5299106,NA
"Iowa City, IA, USA",41.6612561,-91.5299106,Published
"Iowa City, IA, USA",41.6612561,-91.5299106,Published
"Appleton, WI, USA",44.2613967,-88.4069744,NA
"Boise, ID, USA",43.6166163,-116.200886,Published
"Hamilton, OH, USA",39.2085354,-84.5501874,NA
"Birdsboro, PA, USA",40.2645371,-75.8040852,NA
"Manlius, NY, USA",43.0020107,-75.9768632,Published
"Manlius, NY, USA",43.0020107,-75.9768632,NA
"Commack, NY, USA",40.8393515,-73.2858994,NA
"Mission, KS, USA",39.0277832,-94.6557914,Published
"Middletown, DE , USA",39.4497639,-75.7166345,NA
"Norfolk, VA, USA",36.8493695,-76.2899539,NA
"Malone, NY, USA",44.84881,-74.295044,NA
"Rochester, NY, USA",43.157285,-77.615214,NA
"Rochester, NY, USA",43.157285,-77.615214,NA
"South Bend, IN, USA",41.6833813,-86.2500066,NA
"South Bend, IN, USA",41.6833813,-86.2500066,NA
"South Bend, IN, USA",41.6833813,-86.2500066,Published
"South Bend, IN, USA",41.6833813,-86.2500066,Published
"South Bend, IN, USA",41.6833813,-86.2500066,Published
"Austin, TX, USA",30.2711286,-97.7436995,Published
"Austin, TX, USA",30.2711286,-97.7436995,NA
"Queen Creek, AZ, USA",33.2483858,-111.634158,Published
"Tomah, WI, USA",43.978576,-90.5040214,Published
"San Antonio, TX, USA",29.4246002,-98.4951405,NA
"San Antonio, TX, USA",29.4246002,-98.4951405,NA
"El Dorado Hills, CA, USA",38.6851929,-121.0604471,Published
"Ellington, CT, USA",41.9039863,-72.4698071,NA
"San Francisco, CA, USA",37.7792588,-122.4193286,Published
"San Francisco, CA, USA",37.7792588,-122.4193286,NA
"Lebanon, NH, USA",43.643032,-72.251587,Published
"Lebanon, NH, USA",43.643032,-72.251587,NA
"Walla Walla, WA, USA",46.2055155,-118.5174284,Published
"Walla Walla, WA, USA",46.2055155,-118.5174284,NA
"Mars, PA, USA",40.6958342,-80.011878,NA
"Moreno Valley, CA, USA",33.9375177,-117.2305791,NA
"Queens, NY, USA",40.7135078,-73.8283132,Published
"Queens, NY, USA",40.7135078,-73.8283132,NA
"Queens, NY, USA",40.7135078,-73.8283132,Published
"Amherst, OH, USA",41.3978217,-82.2223775,NA
"Port Jefferson, NY, USA",40.9465118,-73.0691257,Published
"Edwardsville, IL, USA",38.8114364,-89.953157,Published
"Washington, DC, USA",38.8950368,-77.0365427,NA
"Washington, DC, USA",38.8950368,-77.0365427,NA
"Washington, DC, USA",38.8950368,-77.0365427,Published
"Cincinnati, OH, USA",39.1014537,-84.5124602,NA
"Cincinnati, OH, USA",39.1014537,-84.5124602,NA
"Hanover, NH, USA",43.7023545,-72.2892164,NA
"Hanover, NH, USA",43.7023545,-72.2892164,Published
"Mission Viejo, CA, USA",33.5965685,-117.659405,NA
"San Diego, CA, USA",32.7174202,-117.162772,NA
"San Diego, CA, USA",32.7174202,-117.162772,NA
"San Diego, CA, USA",32.7174202,-117.162772,NA
"San Diego, CA, USA",32.7174202,-117.162772,NA
"San Diego, CA, USA",32.7174202,-117.162772,Published
"San Diego, CA, USA",32.7174202,-117.162772,NA
"San Diego, CA, USA",32.7174202,-117.162772,NA
"Santa Maria, CA, USA",34.9531295,-120.435857,NA
"Starkville, MS, USA",33.4638745,-88.8152074,Published
"Frederick, MD, USA",39.415779,-77.4127562,NA
"Bangor, ME, USA",44.8016255,-68.7713289,NA
"Walla Walla, WA, USA",46.2055155,-118.5174284,Published
"Walla Walla, WA, USA",46.2055155,-118.5174284,NA
"Fresno, CA, USA",36.7394421,-119.78483,Published
"Pocatello, ID, USA",42.8620287,-112.450627,NA
"Salisbury, NC, USA",35.6709727,-80.4742261,NA
"Fairfax, VA, USA",38.8462236,-77.3063733,NA
"Milwaukee, WI, USA",43.0386475,-87.9090751,NA
"Milwaukee, WI, USA",43.0386475,-87.9090751,NA
"Milwaukee, WI, USA",43.0386475,-87.9090751,NA
"Hanover, NH, USA",43.7023545,-72.2892164,NA
"Hanover, NH, USA",43.7023545,-72.2892164,Published
"Jamestown, NY, USA",42.0965167,-79.2380322,NA
"Jamestown, NY, USA",42.0965167,-79.2380322,Published
"Sunnyvale, CA, USA",37.3688301,-122.036349,NA
"Larchmont, NY, USA",40.9278769,-73.7517983,NA
"Long Island, NY, USA",40.8514971,-73.0994297,Published
"Long Island, NY, USA",40.8514971,-73.0994297,NA
"Queens, NY, USA",40.7135078,-73.8283132,Published
"Queens, NY, USA",40.7135078,-73.8283132,NA
"Queens, NY, USA",40.7135078,-73.8283132,Published
"Great Neck, NY, USA",40.8006567,-73.7284647,NA
"Queens, NY, USA",40.7135078,-73.8283132,Published
"Queens, NY, USA",40.7135078,-73.8283132,NA
"Queens, NY, USA",40.7135078,-73.8283132,Published
"The Bronx, NY, USA",40.8466508,-73.8785937,Published
"The Bronx, NY, USA",40.8466508,-73.8785937,NA
"New York, NY, USA",40.7127281,-74.0060152,NA
"New York, NY, USA",40.7127281,-74.0060152,NA
"New York, NY, USA",40.7127281,-74.0060152,NA
"San Juan, PR, USA",18.465299,-66.116666,NA
"Sarasota, FL, USA",27.3365805,-82.5308545,NA
"San Diego, CA, USA",32.7174202,-117.162772,NA
"San Diego, CA, USA",32.7174202,-117.162772,NA
"San Diego, CA, USA",32.7174202,-117.162772,NA
"San Diego, CA, USA",32.7174202,-117.162772,NA
"San Diego, CA, USA",32.7174202,-117.162772,Published
"San Diego, CA, USA",32.7174202,-117.162772,NA
"San Diego, CA, USA",32.7174202,-117.162772,NA
"Belton, TX, USA",31.0560132,-97.464453,NA
"Harlingen, TX, USA",26.1907543,-97.6960599,NA
"Louisville, CO, USA",39.977763,-105.1319296,NA
"Athens, GA, USA",33.9597677,-83.376398,NA
"Athens, GA, USA",33.9597677,-83.376398,NA
"Swarthmore, PA, USA",39.9020565,-75.3499124,Published
"Woodland Hills, CA, USA",34.1684364,-118.6058382,NA
"Scottsdale, AZ, USA",33.4942189,-111.926018,Published
"Beverly, MA , USA",42.5489744,-70.8781883,NA
"Evanston, IL, USA",42.0470043,-87.6846053,NA
"Rancho Palos Verdes, CA, USA",33.7483311,-118.3707683,NA
"Missoula, MT, USA",46.8701049,-113.995267,NA
"Missoula, MT, USA",46.8701049,-113.995267,NA
"Stamford, CT, USA",41.0534302,-73.5387341,NA
"Vega Baja, PR, USA",18.4177658,-66.3994474,NA
"Wakefield, MA, USA",42.506484,-71.0728306,NA
"Talkeetna, AK, USA",62.267644,-150.0295288,NA
"Rome, GA, USA",34.257038,-85.1646726,Published
"Arlington, VA, USA",38.8769326,-77.0893094,NA
"Iowa City, IA, USA",41.6612561,-91.5299106,NA
"Iowa City, IA, USA",41.6612561,-91.5299106,NA
"Iowa City, IA, USA",41.6612561,-91.5299106,Published
"Iowa City, IA, USA",41.6612561,-91.5299106,Published
"Danville, CA, USA",37.8225892,-122.0008254,NA
"Pittsburgh, PA, USA",40.4416941,-79.9900861,NA
"Pittsburgh, PA, USA",40.4416941,-79.9900861,NA
"Pittsburgh, PA, USA",40.4416941,-79.9900861,NA
"Austin, TX, USA",30.2711286,-97.7436995,Published
"Austin, TX, USA",30.2711286,-97.7436995,NA
"Olney, MA, USA",39.1469872,-77.0722227,NA
"Washington, DC, USA",38.8950368,-77.0365427,NA
"Washington, DC, USA",38.8950368,-77.0365427,NA
"Washington, DC, USA",38.8950368,-77.0365427,Published
"Liberty, MO, USA",39.246479,-94.419079,Published
"Lexington, KY, USA",38.0464066,-84.4970393,Published
"Lexington, KY, USA",38.0464066,-84.4970393,NA
"Lexington, KY, USA",38.0464066,-84.4970393,Published
"Jackson, MS, USA",32.2998686,-90.1830408,Published
"Cheyenne, WY, USA",41.139981,-104.820246,Published
"Waukesha, WI, USA",43.0622536,-88.3123889,Published
"Annandale-on-Hudson, NY, USA",42.0128695,-73.9081901,Published
"Fort Lauderdale, FL, USA",26.1223084,-80.1433786,Published
"Philadelphia, PA, USA",39.9527237,-75.1635262,NA
"Philadelphia, PA, USA",39.9527237,-75.1635262,NA
"Philadelphia, PA, USA",39.9527237,-75.1635262,NA
"Philadelphia, PA, USA",39.9527237,-75.1635262,NA
"Philadelphia, PA, USA",39.9527237,-75.1635262,NA
"Philadelphia, PA, USA",39.9527237,-75.1635262,NA
"Philadelphia, PA, USA",39.9527237,-75.1635262,NA
"Philadelphia, PA, USA",39.9527237,-75.1635262,NA
"Philadelphia, PA, USA",39.9527237,-75.1635262,NA
"Philadelphia, PA, USA",39.9527237,-75.1635262,NA
"Philadelphia, PA, USA",39.9527237,-75.1635262,NA
"Philadelphia, PA, USA",39.9527237,-75.1635262,NA
"Philadelphia, PA, USA",39.9527237,-75.1635262,NA
"Philadelphia, PA, USA",39.9527237,-75.1635262,NA
"Philadelphia, PA, USA",39.9527237,-75.1635262,NA
"Philadelphia, PA, USA",39.9527237,-75.1635262,NA
"Sherman, TX, USA",36.2452294,-101.8858689,Published
"Houghton, MI, USA",46.8591287,-88.7774734,NA
"Houghton, MI, USA",46.8591287,-88.7774734,Published
"San Diego, CA , USA",32.7174202,-117.162772,NA
"San Diego, CA , USA",32.7174202,-117.162772,Published
"Stevensville, MT, USA",46.510407,-114.094385,Published
"Naragansweett, RI, USA",NA,NA,NA
